224,database.pro
223,database.pro
222,database.pro
221,database.pro
220,database.pro
219,database.pro
218,database.pro
217,database.pro
216,database.pro
215,database.pro
214,database.pro
213,database.pro
212,database.pro
211,database.pro
210,database.pro
209,database.pro
208,1806012 Demo Setup.pro
207,1806012 Demo Setup.pro
206,1806012 Demo Setup.pro
205,1806012 Demo Setup.pro
204,1806012 Demo Setup.pro
203,1806012 Demo Setup.pro
202,1806012 Demo Setup.pro
201,1806012 Demo Setup.pro
200,1806012 Demo Setup.pro
199,1806012 Demo Setup.pro
198,SampleLoopTest.pro
197,SampleLoopTest.pro
196,SampleLoopTest.pro
195,SampleLoopTest.pro
194,SampleLoopTest.pro
193,Protocol3.pro
192,Protocol3.pro
191,Protocol3.pro
190,Protocol3.pro
189,Protocol2.pro
188,Protocol2.pro
187,Protocol2.pro
186,Protocol2.pro
185,Protocol2.pro
184,Protocol2.pro
183,Protocol1.pro
182,Protocol1.pro
181,Protocol1.pro
180,Protocol1.pro
179,Protocol1.pro
178,Protocol2.pro
177,Protocol2.pro
176,Protocol2.pro
175,Protocol1.pro
174,Protocol1.pro
173,Protocol1.pro
172,Protocol1.pro
171,Protocol1.pro
170,Protocol1.pro
169,Protocol1.pro
168,Protocol5.pro
167,Protocol5.pro
166,Protocol5.pro
165,Protocol5.pro
164,Protocol5.pro
163,Protocol5.pro
162,Protocol5.pro
161,Protocol5.pro
160,Protocol5.pro
159,Protocol5.pro
158,Protocol5.pro
157,Protocol5.pro
156,Protocol5.pro
155,Protocol5.pro
154,Protocol5.pro
153,Protocol5.pro
152,Protocol5.pro
151,Protocol5.pro
150,Protocol4.pro
149,Protocol4.pro
148,Protocol4.pro
147,Protocol4.pro
146,Protocol4.pro
145,Protocol4.pro
144,Protocol2.pro
143,Protocol3.pro
142,Protocol3.pro
141,Protocol3.pro
140,Protocol3.pro
139,Protocol2.pro
138,Protocol2.pro
137,Protocol2.pro
136,Protocol2.pro
135,Protocol2.pro
134,Protocol2.pro
133,Protocol2.pro
132,Protocol2.pro
131,Protocol2.pro
130,Protocol2.pro
129,Protocol2.pro
128,Protocol2.pro
127,Protocol2.pro
126,Protocol1.pro
125,Protocol1.pro
124,Protocol1.pro
123,Protocol1.pro
122,Protocol1.pro
121,Protocol1.pro
120,Protocol1.pro
119,Protocol1.pro
118,Protocol1.pro
117,Protocol1.pro
116,Protocol1.pro
115,Protocol1.pro
114,Protocol1.pro
113,Protocol1.pro
112,Protocol1.pro
111,Protocol1.pro
110,Protocol1.pro
109,Protocol1.pro
108,Protocol1.pro
107,Protocol1.pro
106,Protocol1.pro
105,Protocol1.pro
104,Protocol1.pro
103,Protocol1.pro
102,Protocol1.pro
101,Protocol1.pro
100,Protocol1.pro
99,Protocol1.pro
98,Protocol1.pro
97,Protocol1.pro
96,duplicatestest.pro
95,duplicatestest.pro
94,duplicatestest.pro
93,duplicatestest.pro
92,duplicatestest.pro
91,duplicatestest.pro
90,duplicatestest.pro
89,duplicatestest.pro
88,duplicatestest.pro
87,duplicatestest.pro
86,duplicatestest.pro
85,duplicatestest.pro
84,duplicatestest.pro
83,duplicatestest.pro
82,Protocol1.pro
81,Protocol1.pro
80,Protocol1.pro
79,Protocol1.pro
78,BioTX Atoll Robocolumns Master Rev 1.0 (FujiFilm Ver15 19MAR18).pro
77,BioTX Atoll Robocolumns Master Rev 1.0 (FujiFilm Ver15 19MAR18).pro
76,BioTX Atoll Robocolumns Master Rev 1.0 (FujiFilm Ver15 19MAR18).pro
75,BioTX Atoll Robocolumns Master Rev 1.0 (FujiFilm Ver15 19MAR18).pro
74,BioTX Atoll Robocolumns Master Rev 1.0 (FujiFilm Ver15 19MAR18).pro
73,BioTX Atoll Robocolumns Master Rev 1.0 (FujiFilm Ver15 19MAR18).pro
72,BioTX Atoll Robocolumns Master Rev 1.0 (FujiFilm Ver15 19MAR18).pro
71,BioTX Atoll Robocolumns Master Rev 1.0 (FujiFilm Ver15 19MAR18).pro
70,BioTX Atoll Robocolumns Master Rev 1.0 (FujiFilm Ver15 19MAR18).pro
69,BioTX Atoll Robocolumns Master Rev 1.0 (FujiFilm Ver15 19MAR18).pro
68,BioTX Atoll Robocolumns Master Rev 1.0 (FujiFilm Ver15 19MAR18).pro
67,BioTX Atoll Robocolumns Master Rev 1.0 (FujiFilm Ver15 19MAR18).pro
66,BioTX Atoll Robocolumns Master Rev 1.0 (FujiFilm Ver15 19MAR18).pro
65,BioTX Atoll Robocolumns Master Rev 1.0 (FujiFilm Ver15 19MAR18).pro
64,BioTX Atoll Robocolumns Master Rev 1.0 (FujiFilm Ver15 19MAR18).pro
63,BioTX Atoll Robocolumns Master Rev 1.0 (FujiFilm Ver15 19MAR18).pro
62,BioTX Atoll Robocolumns Master Rev 1.0 (FujiFilm Ver10 20OCT17).pro
61,BioTX Atoll Robocolumns Master Rev 1.0 (FujiFilm Ver10 20OCT17).pro
60,BioTX Atoll Robocolumns Master Rev 1.0 (FujiFilm Ver10 20OCT17).pro
59,BioTX Atoll Robocolumns Master Rev 1.0 (FujiFilm Ver10 20OCT17).pro
58,BioTX Atoll Robocolumns Master Rev 1.0 (FujiFilm Ver10 20OCT17).pro
57,BioTX Atoll Robocolumns Master Rev 1.0 (FujiFilm Ver10 20OCT17).pro
56,BioTX Atoll Robocolumns Master Rev 1.0 (FujiFilm Ver10 20OCT17).pro
55,BioTX Atoll Robocolumns Master Rev 1.0 (FujiFilm Ver10 20OCT17).pro
54,BioTX Atoll Robocolumns Master Rev 1.0_NoGrip.pro
53,BioTX Atoll Robocolumns Master Rev 1.0_NoGrip.pro
52,CRT_Pin_Tool_3_Wash.pro
51,FileConvert.pro
50,FileConvert.pro
49,FileConvert.pro
48,FileConvert.pro
47,Protocol1.pro
46,Protocol1.pro
45,Protocol1.pro
44,Protocol1.pro
43,Protocol1.pro
42,Protocol1.pro
41,Protocol1.pro
40,clive.pro
39,clive.pro
38,clive.pro
37,clive.pro
36,Protocol1.pro
35,Protocol1.pro
34,Protocol1.pro
33,Protocol1.pro
32,Protocol1.pro
31,Protocol1.pro
30,Protocol1.pro
29,Protocol1.pro
28,Protocol1.pro
27,Protocol1.pro
26,Protocol1.pro
25,Protocol1.pro
24,Protocol1.pro
23,Protocol1.pro
22,Protocol1.pro
21,Protocol1.pro
20,Protocol1.pro
19,Protocol1.pro
18,Protocol1.pro
17,ElapseTime.pro
16,Protocol1.pro
15,Protocol1.pro
14,Protocol1.pro
13,Protocol1.pro
12,Protocol1.pro
11,Protocol1.pro
10,Protocol1.pro
9,Protocol1.pro
8,outputfile.pro
7,outputfile.pro
6,outputfile.pro
5,outputfile.pro
4,outputfile.pro
3,outputfile.pro
2,outputfile.pro
1,outputfile.pro
